_key,_chname,_start,_Android点位,_iOS点位,_needserver,_degree,_page,_spmc,_spmd,_autosend,isbk,ctrl,title,pos,item_type,item_id,ju_id,pager,action,pager_pos,url,opt_string,seller_id,shop_id,brand_name,keyword,type,order_id,box_id,box_name,name,city,area,sort,distance,object_id,object_name,object_type,event_id,event_name,box_page_key,box_page_data_key,box_page_data_groupname,area_id,area_name,sort_type,sort_name,brand_id,item_name,ju_name,api_name,banner_type,query_type,message_id,message_type_id,message,total,time,version,tag,code,status,error
BTN,通用按钮,4.4,,,有,,{.*},Button,d[title],1,{.*},通用按钮点击-不跳转,{(.*)?},{(.*)?},{(.*)?},{(.*)?},{(.*)?},{(.*)?},{(.*)?},{(.*)?},{(.*)?},{(.*)?},{(.*)?},{(.*)?},{(.*)?},{(.*)?},{(.*)?},{(.*)?},{(.*)?},{(.*)?},{(.*)?},{(.*)?},{(.*)?},{(.*)?},{(.*)?},{(.*)?},{(.*)?},{(.*)?},{(.*)?},{(.*)?},{(.*)?},{(.*)?},{(.*)?},{(.*)?},{(.*)?},{(.*)?},{(.*)?},{(.*)?},{(.*)?},{(.*)?},{(.*)?},{(.*)?},{(.*)?},{(.*)?},{(.*)?},{(.*)?},{(.*)?},{(.*)?},{(.*)?},{(.*)?},{(.*)?},{(.*)?},{(.*)?}
BTN_JUMP,通用按钮－跳转,4.4,,,有,,{.*},Button-Jump,[title],,{.*},通用按钮点击-发生跳转,{(.*)?},{(.*)?},{(.*)?},{(.*)?},{(.*)?},{(.*)?},{(.*)?},{(.*)?},{(.*)?},{(.*)?},{(.*)?},{(.*)?},{(.*)?},{(.*)?},{(.*)?},{(.*)?},{(.*)?},{(.*)?},{(.*)?},{(.*)?},{(.*)?},{(.*)?},{(.*)?},{(.*)?},{(.*)?},{(.*)?},{(.*)?},{(.*)?},{(.*)?},{(.*)?},{(.*)?},{(.*)?},{(.*)?},{(.*)?},{(.*)?},{(.*)?},{(.*)?},{(.*)?},{(.*)?},{(.*)?},{(.*)?},{(.*)?},{(.*)?},{(.*)?},{(.*)?},{(.*)?},{(.*)?},{(.*)?},{(.*)?},{(.*)?},{(.*)?}
TABBAR,Tabbar,,,iOS 底部Tabbar,有,1,JuMain,Tabbar,d[_trackId],1,,[_trackName],,,,,,,{(doubleClick)?},,{.*},,,,,,,,,,,,,,,,,,,,,,,,,,,,,,,,,,,,,,,,,,
FLOAT_VIEW,浮层,,,,有,,JuJRT,Float,[title],,,浮层,{small|big|target},,,,,,{(close)?},,{.*},,,,,,,,,,,,,,,,,,,,,,,,,,,,,,,,,,,,,,,,,,
FLOAT_VIEW_LOAD,浮层曝光,,,,有,,JuJRT,Float-Load,d[title],1,,浮层-加载,{small|big|target|luaview},,,,,,,,{.*},,,,,,,,,,,,,,,,,,,,,,,,,,,,,,,,,,,,,,,,,,
FLOAT_VIEW_NOT_JUMP,非跳转浮层,,,,,,JuJRT,StaticFloat,d[title],1,,非跳转浮层,toTop,,,,,,,,,,,,,,,,,,,,,,,,,,,,,,,,,,,,,,,,,,,,,,,,,,
BACK,左上角返回,,,iOS 左上角返回,,,{.*},Back,,,1,Back,,,,,,,,,,,,,,,,,,,,,,,,,,,,,,,,,,,,,,,,,,,,,,,,,,,
SHARE,分享商品,,,iOS 分享组件,,,{.*},Share,d1,1,,分享,{分享|来往|微博|微信|朋友圈|二维码|复制|更多},,,,,,{(.*)?},,,,,,,,,,,,,,,,,,,,,,,,,,,,,,,,,,,,,,,,,,,,
SHARE_COUPON,分享优惠券,,,,,,{.*},ShareCoupon,d1,1,,分享优惠券,{分享|来往|微博|微信|朋友圈|二维码|复制|更多},,,,,,{(.*)?},,,,,,,,,,,,,,,,,,,,,,,,,,,,,,,,,,,,,,,,,,,,
BOXSYS,今日团运营位,,,iOS Boxsys组件,有,1,{.*},Boxsys,[box_id],,,BOXSYS_[type],,,,,,,,,{.*},,,,,,{.*},,{.*},{.*},,,,,,,,,,,,,,,,,,,,,,,,,,,,{(.*)?},,,,,
REFRESH,列表刷新,,,iOS 刷新组件,,,{.*},List-Refresh,d[pager_pos],1,,刷新,{.*},,,,,,refresh,{\d+},,,,,,,,,,,,,,,,,,,,,,,,,,,,,,,,,,,,,,,,,,,
BANNER,今日团轮播Banner,,,iOS Banner组件,有,1,JuJRT,Banner,[pos],,,Banner_[type],,{\d+},,,,,,,{.*},,,,,,{.*},,{(.*)?},{(.*)?},,,,,,,,,,,,,,,,,,,,,,,,,,,,,,,,,
JRT_BTN_TOPBAR_LEFT,今日团-左上角菜单,,,,,1,JuJRT,Topbar,Left,,,今日团快捷菜单左,扫一扫,,,,,,,,{.*},,,,,,,,,,,,,,,,,,,,,,,,,,,,,,,,,,,,,,,,,,
JRT_BTN_TOPBAR_RIGHT,今日团-右上角菜单,,,,,1,JuJRT,Topbar,dRight,1,,今日团快捷菜单右,我的,,,,,,{click|scroll},,,,,,,,,,,,,,,,,,,,,,,,,,,,,,,,,,,,,,,,,,,{(hasRedDot)?},
JRT_BTN_QUICK,今日团-下拉菜单,,,,,1,JuJRT,Quick,d1,1,,今日团下拉菜单,,,,,,,{show|hide},,,,,,,,,,,,,,,,,,,,,,,,,,,,,,,,,,,,,,,,,,,,
JRT_BTN_QUICK_CATEGORY,今日团-快捷类目,,,,有,1,JuJRT,Quick-Category,d[pos],1,,今日团快捷类目,{.*},{\d+},,,,,,,,,,,,,,,,,,,,,,,,,,,,,,,,,,,,,,,,,,,,,,,,,
JRT_BTN_QUICK_LINK,今日团-快捷链接,,,,有,1,JuJRT,Quick-Link,[pos],,,今日团快捷链接,{(.*)?},{\d+},,,,,,,{.*},,,,,,,,,,,,,,,,,,,,,,,,,,,,,,,,,,,,,,,,,,
JRT_BTN_QUICK_SEARCH,今日团-快捷搜索,,,,有,1,JuJRT,Quick-Search,1,,,今日团快捷搜索,,,,,,,,,,,,,,,,,,,,,,,,,,,,,,,,,,,,,,,,,,,,,,,,,,,
JRT_TAB,今日团类目,,,,,1,JuJRT,Category,d[pos],1,,今日团类目,{.*},{\d+},,,,,{click|scroll},,,,,,,,,,,,,,,,,,,,,,,,,,,,,,,,,,,,,,,,,,,,
JRT_BTN_TODAY_NEWS,今日团-今日喜报,,,,有,1,JuJRT,TodayNews,1,,,今日团-今日喜报,,,,,,,,,{.*},,,,,,,,,,,,,,,,,,,,,,,,,,,,,,,,,,,,,,,,,,
JRT_LIST,今日团列表点击,,,,有：bucket,1,JuJRT,List,Click-[pager_pos]-[pos],,,今日团列表,{.*},{\d+},{\d+},{(.*)?},{(.*)?},,,{\d+},{(.*)?},,,,,,,,,,,,,,,,,,,,,,,,,,,{(.*)?},,,,,,,,,,,,{(.*)?},,,
JRT_LIST_LOAD,今日团列表加载,,,,有：bucket,1,JuJRT,List-Load,d[pager_pos],1,,今日团列表-加载,{.*},,,,,{.*},,{\d+},,,,,,,,,,,,,,,,,,,,,,,,,,,,,,,,,,,,,,,,,,,
JRT_LIST_GOODS_PREVIEW,今日团列表商品图片预览,,,,有,1,JuJRT,List,dPreview-[pager_pos]-[pos],1,,今日团列表-预览,{.*},{\d+},{\d+},{(.*)?},{(.*)?},,{(toDetail)?},{\d+},,,,,,,,,,,,,,,,,,,,,,,,,,,,,,,,,,,,,,,,{(.*)?},,,
JRT_LIST_BRAND,今日团列表品牌点击,,,,有：bucket,1,JuJRT,List,ClickBrand-[pager_pos]-[pos],,,今日团品牌列表,{.*},{\d+},Brand,,,,,{\d+},,,,,{(.*)?},,,,,,,,,,,,,,,,,,,,,,,{(.*)?},,,,,,,,,,,,,,,
JRT_LIST_MORE,今日团列表-明日聚透,,,,,1,JuJRT,List-More,[pager_pos],,,今日团列表-更多,{.*},,,,,,{toJuTou|ClickToLoad},{\d+},,,,,,,,,,,,,,,,,,,,,,,,,,,,,,,,,,,,,,,,,,,
JRT_LIST_WHEEL_MODE,今日团列表-自动浏览模式,4.4.1,,,,,JuJRT,List-WheelMode,d[pager_pos],1,,今日团列表-自动浏览模式,{.*},,,,,,{click|longClick},{\d+},,,,,,,,,,,,,,,,,,,,,,,,,,,,,,,,,,,,,,,,{(.*)?},,,
JRT_LIST_BRAND_MORE,今日团列表-点击加载更多品牌,,,_MORE放在最后,有,1,JuJRT,List-MoreBrand,d[pager_pos],1,,今日团品牌列表-更多,{.*},,MoreBrand,,,,LoadMore,{\d+},,,,,,,,,,,,,,,,,,,,,,,,,,,,,,,,,,,,,,,,,,,
JRT_LIST_BRAND_LOAD,今日团列表-加载品牌列表,,,_LOAD放在最后,有：bucket,1,JuJRT,List-Load-Brand,d[pager_pos],1,,今日团品牌列表-加载,{.*},,,,,{.*},,{\d+},,,,,,,,,,,,,,,,,,,,,,,,,,,,,,,,,,,,,,,,,,,
JRT_BTN_REFRESH,今日团刷新,,,,,1,JuJRT,Refresh,d1,1,,今日团刷新,,,,,,,{(show|click)?},,,,,,,,,,,,,,,,,,,,,,,,,,,,,,,,,,,,,,,{(.*)?},,,,,
ITEMDETAIL_BTN_ToCart,详情页面-购物车入口,,,,,1,JuDetail,Topbar-ToCart,1,,,详情页面购物车入口,,,,{.*},{(.*)?},,,,,,,,,,,,,,,,,,,,,,,,,,,,,,,,,,,,,,,,,,,,,,
ITEMDETAIL_BTN_Share,详情页面-分享,,,,,1,JuDetail,Topbar-Share,d1,1,,详情页面分享,,,,{.*},{(.*)?},,,,,,,,,,,,,,,,,,,,,,,,,,,,,,,,,,,,,,,,,,,,,,
ITEMDETAIL_BTN_ParallelBrowse,详情页面-并行浏览,,,,,1,JuDetail,Topbar-ParallelBrowse,d1,1,,详情页面并行浏览,,,,{.*},{(.*)?},,,,,,,,,,,,,,,,,,,,,,,,,,,,,,,,,,,,,,,,,,,,,{(hasTipShow)?},
ITEMDETAIL_LIST_ParallelBrowse,详情页面-并行浏览列表,,,,,1,JuDetail,List-ParallelBrowse,d[pos],1,,详情页面并行浏览列表,,{\d+},,{.*},,,{(click|remove)?},,,,,,,,,,,,,,,,,,,,,,,,,,,,,,,,,,,,,,,,,,,,
ITEMDETAIL_BTN_ShowImageList,详情页面-点击图片,,,,,1,JuDetail,Click-Image,d[pos],1,,详情页面-主图浏览,,{\d+},,{.*},{(.*)?},,{(click|scroll)?},,,,,,,,,,,,,,,,,,,,,,,,,,,,,,,,,,,,,,,,,,,,
ITEMDETAIL_BTN_Like,详情页面-上面收藏,,,,,1,JuDetail,Like,d1,1,,详情页面上部收藏,,,,{.*},{(.*)?},,{(on|off)?},,,,,,,,,,,,,,,,,,,,,,,,,,,,,,,,,,,,,,,,,,,,
ITEMDETAIL_BTN_Collect,详情页面-下面收藏并提醒,,,,,1,JuDetail,Collect,d1,1,,详情页面收藏并提醒,,,,{.*},{(.*)?},,{on|off},,,,,,,,,,,,,,,,,,,,,,,,,,,,,,,,,,,,,,,,,,,,
ITEMDETAIL_BTN_Coupon,详情页面-领优惠券(仅部分商品),,,,,1,JuDetail,Coupon,d1,1,,详情页面优惠券,{领券|分享领券},,,{.*},{(.*)?},,,,,,,,,,,,,,,,,,,,,,,,,,,,,,,,,,,,,,,,,,,,,,
ITEMDETAIL_BTN_Activity,详情页面-营销组件 (抢红包),,,,,1,JuDetail,Activity,d[type],,,详情页面-营销组件,{.*},,,{.*},{(.*)?},,,,{.*},,,,,,{\d+},,,,,,,,,,,,,,,,,,,,,,,,,,,,,,,,,,,,
ITEMDETAIL_BTN_CouponExpend,详情页面-店铺优惠下拉(仅部分商品),,,,,,JuDetail,Coupon-Expend,d1,1,,详情页面店铺优惠,,,,{.*},{(.*)?},,{show|hide},,,,,,,,,,,,,,,,,,,,,,,,,,,,,,,,,,,,,,,,,,,,
ITEMDETAIL_BTN_FloatCoupon,详情页面-领浮层优惠券(仅部分商品),,,,,,JuDetail,Coupon-Float,1,,,详情页面浮层优惠券,,,,{.*},{(.*)?},,,,,,,,,,,,,,,,,,,,,,,,,,,,,,,,,,,,,,,,,,,,,,
ITEMDETAIL_BTN_Map,详情页面-店铺地图,,,,,,JuDetail,Shop-Map,1,,,详情页面地图,,,,{.*},{(.*)?},,,,,,,,,,,,,,,,,,,,,,,,,,,,,,,,,,,,,,,,,,,,,,
ITEMDETAIL_BTN_Tel,详情页面-电话,,,,,,JuDetail,Shop-Tel,1,,,详情页面电话,,,,{.*},{(.*)?},,,,,,,,,,,,,,,,,,,,,,,,,,,,,,,,,,,,,,,,,,,,,,
ITEMDETAIL_BTN_ShopList,详情页面-全部店铺,,,,,,JuDetail,Shop-ShopList,1,,,详情页面全部店铺,,,,{.*},{(.*)?},,,,,,,,,,,,,,,,,,,,,,,,,,,,,,,,,,,,,,,,,,,,,,
ITEMDETAIL_BTN_Comment,详情页面-点击评价,,,,,1,JuDetail,Comment,d1,1,,详情页面评价,,{\d+},,{.*},{(.*)?},,,,,,,,,,,,,,,,,,,,,,,,,,,,,,,,,,,,,,,,,,,,,,
ITEMDETAIL_BTN_CommentTag,详情页面-点击评价(Tag),,,,,1,JuDetail,Comment-Tag,d[pos],1,,详情页面评价-类型,,{(\d+)?},,{.*},{(.*)?},,,,,,,,,,{(\d+)?},,,,,,,,,,,,,,,,,,,,,,,,,,,,,,,,,,,,
ITEMDETAIL_BTN_ShopRecommend,详情页面-同店推荐(仅部分商品),,,,,1,JuDetail,ShopRecommend,1,,,详情页面同店推荐,,,,{.*},{(.*)?},,,,,,{(.*)?},,,,,,,,,,,,,,,,,,,,,,,,,,,,,,,,,,,,,,,,
ITEMDETAIL_PAGE_Detail,详情页面-滑动露出详情,,,,,1,JuDetail,PageDetail,d1,1,,详情页面滑动露出详情,,,,{.*},{(.*)?},,,,,,,,,,,,,,,,,,,,,,,,,,,,,,,,,,,,,,,,,,,,,,
ITEMDETAIL_TAB,详情页面-tab,,,,,1,JuDetail,DetailTab,d[pos],1,,详情页面Tab,{.*},{\d+},,{.*},{(.*)?},,{click|scroll},,,,,,,,,,,,,,,,,,,,,,,,,,,,,,,,,,,,,,,,,,,,
ITEMDETAIL_BTN_Refresh,详情页面-点我刷新(仅部分商品),,,,,,JuDetail,Refresh,d1,1,,详情页面点我刷新,,,,{.*},{(.*)?},,,,,,,,,,,,,,,,,,,,,,,,,,,,,,,,,,,,,,,,,,,,,,
ITEMDETAIL_BTN_AddCart,详情页面-加入购物车,,,,,1,JuDetail,Footbar-AddCart,d1,1,,详情页面加入购物车,,,,{.*},{(.*)?},,,,,,,,,,,,,,,,,,,,,,,,,,,,,,,,,,,,,,,,,,,,,,
ITEMDETAIL_BTN_Buy,详情页面-购买,,,,,1,JuDetail,Footbar-Buy,d1,1,,详情页面马上抢,,,,{.*},{(.*)?},,,,,,,,,,,,,,,,,,,,,,,,,,,,,,,,,,,,,,,,,,,,,,
COMMENT_LIST_LOAD,评论列表加载,,,,,,JuDetailComment,List-Load,d1,1,,评论列表-加载,,,,{.*},,,,,,,,,,,{(.*)?},,,,,,,,,,,,,,,,,,,,,,,,,,,,,,,,,,,,
SHT_BTN_City,生活团-城市选择,,,,,,JuSHT,Topbar,City,,,生活团城市选择,,,,,,,,,,,,,,,,,,,,,,,,,,,,,,,,,,,,,,,,,,,,,,,,,,,
SHTCityChoose_BTN_CityCancel,生活团城市选择取消,,,,,,JuSHTCityChoose,Cancel,1,,,生活团城市选择取消,,,,,,,,,,,,,,,,,,,,,,,,,,,,,,,,,,,,,,,,,,,,,,,,,,,
SHTCityChoose_LIST,生活团城市选择列表点击,,,,,,JuSHTCityChoose,List,[pos],,,生活团城市选择列表点击,{.*},{\d+},,,,,,,,,,,,,,,,,,,,,,,,,,,,,,,,,,,,,,,,,,,,,,,,,
SHT_CATEGORY_TAB,生活团类目Tab,,,,,,JuSHTCategoryChoose,Tab,d[action],1,,生活团类目Tab,,,,,,,{(show)?},,,,,,,,,,,,,,,,,,,,,,,,,,,,,,,,,,,,,,,,,,,,
SHT_CATEGORY_TAB_Cat,生活团类目选择-类目,,,,,,JuSHTCategoryChoose,Tab,Click-1-[pos],1,,生活团类目-类目,,{\d+},,,,,,,,,,,,,,,,,,,,,,{.*},{.*},,,,,,,,,,,,,,,,,,,,,,,,,,
SHT_CATEGORY_TAB_Area,生活团类目选择-区域,,,,,,JuSHTCategoryChoose,Tab,Click-2-[pos],1,,生活团类目-地区,,{\d+},,,,,,,,,,,,,,,,,,,,,,{.*},{.*},,,,,,,,,,,,,,,,,,,,,,,,,,
SHT_CATEGORY_TAB_Sort,生活团类目选择-排序,,,,,,JuSHTCategoryChoose,Tab,Click-3-[pos],1,,生活团类目-排序,,{\d+},,,,,,,,,,,,,,,,,,,,,,,{.*},,,,,,,,,,,,,,,,,,,,,,,,,,
SHT_CATEGORY_LIST,生活团类目列表点击,,,,有：bucket,1,JuSHTCategoryChoose,List,[pos],,,生活团类目列表,{.*},{\d+},{(.*)?},{.*},{(.*)?},,,{\d+},,,,,,,,,,,,,,,,,,,,,,,,,,,,,,,,,,,,,,,,,,,
SHT_CATEGORY_LIST_LOAD,生活团类目列表曝光,,,,有：bucket,1,JuSHTCategoryChoose,List-Load,d1,1,,生活团类目列表-加载,{.*},,,,,{.*},,{\d+},,,,,,,,,,,,,,,,,,,,,,,,,,,,,,,,,,,,,,,,,,,
PPT_TAB,品牌团Tab,,,luaview实现,,2,JuPPT,Tab,d[pos],1,,品牌团-Tab,{.*},{\d+},,,,,,,,,,,,,,,,,,,,,,,,,,,,,,,,,,,,,,,,,,,,,,,,,
PPT_BTN_BANNER,品牌团Banner,,,luaview实现,有,2,JuPPT,Banner,[pos],,,Banner_[type],{.*},{\d+},,,,,,,{.*},,,,,,{.*},,,,,,,,,,,,,,,,,,,,,,,,,,,,,,,,,,,,
PPT_LIST,品牌团列表,,,luaview实现,有：bucket,1,JuPPT,List,Click-[pager_pos]-[pos],,,品牌团列表,{.*},{\d+},,,,,,{\d+},,,,,,,,,,,,,,,,,,,,,,,,,,,,{(.*)?},,,,,,,,,,,,,,,
PPT_LIST_LOAD,品牌团列表-加载,,,luaview实现,有：bucket,1,JuPPT,List-Load,d[pager_pos],1,,品牌团列表-加载,{.*},,,,,{.*},,{\d+},,,,,,,,,,,,,,,,,,,,,,,,,,,,,,,,,,,,,,,,,,,
PPT_LIST_REFRESH,品牌团列表-刷新,,,luaview实现,,2,JuPPT,List-Refresh,d[pager_pos],1,,品牌团列表-刷新,{.*},,,,,,refresh,{\d+},,,,,,,,,,,,,,,,,,,,,,,,,,,,,,,,,,,,,,,,,,,
PPT_BTN_SEARCH,品牌团右上角搜索,,,luaview实现,,2,JuPPT,Btn,Search,,,品牌团-搜索,,,,,,,,,,,,,,,,,,,,,,,,,,,,,,,,,,,,,,,,,,,,,,,,,,,
JT_TAB,聚透类目,,,,,,JuJT,Category,d[pos],1,,聚透类目,{.*},{\d+},,,,,{click|scroll},,,,,,,,,,,,,,,,,,,,,,,,,,,,,,,,,,,,,,,,,,,,
JT_BTN_QUICK,聚透下拉菜单,,,,,,JuJT,Quick,d1,1,,聚透快捷菜单,,,,,,,{show|hide},,,,,,,,,,,,,,,,,,,,,,,,,,,,,,,,,,,,,,,,,,,,
JT_BTN_QUICK_CATEGORY,聚透下拉类目选择,,,,,,JuJT,Quick-Category,d[pos],1,,聚透快捷类目,{.*},{\d+},,,,,,,,,,,,,,,,,,,,,,,,,,,,,,,,,,,,,,,,,,,,,,,,,
JT_LIST,聚透商品列表点击,,,,有：bucket,1,JuJT,List,Click-[pager_pos]-[pos],,,聚透列表,{.*},{\d+},,{(.*)?},{(.*)?},,,{\d+},,,,,,,,,,,,,,,,,,,,,,,,,,,,,,,,,,,,,,,,,,,
JT_LIST_BRAND,聚透品牌列表点击,,,,有：bucket,1,JuJT,List,ClickBrand-[pager_pos]-[pos],,,聚透品牌列表,{.*},{\d+},Brand,,,,,{\d+},,,,,{.*},,,,,,,,,,,,,,,,,,,,,,,{.*},,,,,,,,,,,,,,,
JT_LIST_LOAD,聚透列表加载,,,,有：bucket,1,JuJT,List-Load,d[pager_pos],1,,聚透列表-加载,{.*},,,,,{.*},,{\d+},,,,,,,,,,,,,,,,,,,,,,,,,,,,,,,,,,,,,,,,,,,
JT_LIST_BRAND_LOAD,聚透品牌列表曝光,,,_LOAD放在最后,有：bucket,1,JuJT,List-Load-Brand,d[pager_pos],1,,聚透品牌列表-加载,{.*},,Brand,,,{.*},,{\d+},,,,,,,,,,,,,,,,,,,,,,,,,,,,,,,,,,,,,,,,,,,
JT_LIST_BRAND_MORE,聚透品牌列表点击加载更多,,,_MORE放在最后,有,,JuJT,List-MoreBrand,d[pager_pos],1,,聚透品牌列表-更多,{.*},,Brand,,,,LoadMore,{\d+},,,,,,,,,,,,,,,,,,,,,,,,,,,,,,,,,,,,,,,,,,,
JT_LIST_LIKE,聚透收藏,,,,有,,JuJT,List,dCollection-[pager_pos]-[pos],1,,聚透列表-收藏,{.*},{\d+},,{.*},,,{like|unlike},{\d+},,,,,,,,,,,,,,,,,,,,,,,,,,,,,,,,,,,,,,,,,,,
WD_BTN,我的页面-通用按钮,,,,有,1,JuWD,Btn,[title],,,个人中心通用按钮,{.*},,,,,,,,{.*},,,,,,,,,,,,,,,,,,,,,,,,,,,,,,,,,,,,,,,,,{(hasRedDot)?},
WD_BTN_TOPBAR_LEFT,我的页面-返回今日团,,,,,1,JuWD,Topbar,dLeft,1,,个人中心返回,,,,,,,,,,,,,,,,,,,,,,,,,,,,,,,,,,,,,,,,,,,,,,,,,,,
WD_BTN_TOPBAR_RIGHT,我的页面-设置,,,,,1,JuWD,Topbar,Right,,,个人中心设置,,,,,,,,,,,,,,,,,,,,,,,,,,,,,,,,,,,,,,,,,,,,,,,,,,,
WD_BTN_Login,我的页面-登录,,,,,1,JuWD,Topbar,Login,,,个人中心登录,,,,,,,,,,,,,,,,,,,,,,,,,,,,,,,,,,,,,,,,,,,,,,,,,,,
ORDER_LIST_TAB,我的订单-Tab,,,,,2,JuWDOrder,Tab,d1,1,,我的订单-Tab,{(.*)?},,,,,,{click|scroll},,,,,,,,,,,,,,,,,,,,,,,,,,,,,,,,,,,,,,,,,,,,
ORDER_LIST,我的订单-列表,,,,,2,JuWDOrder,List,1,,,我的订单-列表,{(.*)?},,,,,,,,{(.*)?},,,,,,,{(.*)?},,,,,,,,,,,,,,,,,,,,,,,,,,,,,,,,,,,
ORDER_LIST_CANCEL,我的订单-取消订单,,,,,2,JuWDOrder,List-Cancel,d1,1,,我的订单-取消订单,{(.*)?},,,,,,,,,,,,,,,{(.*)?},,,,,,,,,,,,,,,,,,,,,,,,,,,,,,,,,,,
ORDER_LIST_DELETE,我的订单-删除订单,,,,,2,JuWDOrder,List-Delete,d1,1,,我的订单-删除订单,{(.*)?},,,,,,,,,,,,,,,{(.*)?},,,,,,,,,,,,,,,,,,,,,,,,,,,,,,,,,,,
ORDER_LIST_PAY,我的订单-立即购买,,,,,2,JuWDOrder,List-Pay,d1,1,,我的订单-购买,{(.*)?},,,,,,,,,,,,,,,{(.*)?},,,,,,,,,,,,,,,,,,,,,,,,,,,,,,,,,,,
ORDER_LIST_RATE,我的订单-评价,,,,,2,JuWDOrder,List-Rate,1,,,我的订单-评价,{(.*)?},,,,,,{(rate|appendRate)?},,,,,,,,,{(.*)?},,,,,,,,,,,,,,,,,,,,,,,,,,,,,,,,,,,
ORDER_LIST_DELIVERY,我的订单-物流,,,,,2,JuWDOrder,List-Delivery,1,,,我的订单-物流,{(.*)?},,,,,,,,,,,,,,,{(.*)?},,,,,,,,,,,,,,,,,,,,,,,,,,,,,,,,,,,
ORDER_LIST_FRIENDPAY,我的订单-朋友代付,,,,,2,JuWDOrder,List-FriendPay,d1,1,,我的订单-朋友代付,{(.*)?},,,,,,,,,,,,,,,{(.*)?},,,,,,,,,,,,,,,,,,,,,,,,,,,,,,,,,,,
ORDER_LIST_CONFIRM,我的订单-确认收货,,,,,2,JuWDOrder,List-Confirm,d1,1,,我的订单-确认收货,{(.*)?},,,,,,,,,,,,,,,{(.*)?},,,,,,,,,,,,,,,,,,,,,,,,,,,,,,,,,,,
ORDER_LIST_DELAY,我的订单-延长收货,,,,,2,JuWDOrder,List-Delay,d1,1,,我的订单-延长收货,{(.*)?},,,,,,,,,,,,,,,{(.*)?},,,,,,,,,,,,,,,,,,,,,,,,,,,,,,,,,,,
ORDERDETAIL_BTN_DETAIL,订单详情-商品点击,,,,,2,JuWDOrderDetail,ToDetail,1,,,订单详情-商品点击,,,,{(.*)?},,,,,,,,,,,,{(.*)?},,,,,,,,,,,,,,,,,,,,,,,,,,,,,,,,,,,
ORDERDETAIL_BTN_TEL,订单详情-电话,,,,,2,JuWDOrderDetail,Tel,d1,1,,订单详情-电话,,,,,,,,,,,,,,,,{(.*)?},,,,,,,,,,,,,,,,,,,,,,,,,,,,,,,,,,,
ORDERDETAIL_BTN_CONTACT,订单详情-联系卖家,,,,,2,JuWDOrderDetail,Contact,d1,1,,订单详情-联系卖家,,,,,,,,,,,,,,,,{(.*)?},,,,,,,,,,,,,,,,,,,,,,,,,,,,,,,,,,,
ORDERDETAIL_BTN_CANCEL,订单详情-取消订单,,,,,2,JuWDOrderDetail,Cancel,d1,1,,订单详情-取消订单,,,,,,,,,,,,,,,,{(.*)?},,,,,,,,,,,,,,,,,,,,,,,,,,,,,,,,,,,
ORDERDETAIL_BTN_DELETE,订单详情-删除订单,,,,,2,JuWDOrderDetail,Delete,d1,1,,订单详情-删除订单,,,,,,,,,,,,,,,,{(.*)?},,,,,,,,,,,,,,,,,,,,,,,,,,,,,,,,,,,
ORDERDETAIL_BTN_PAY,订单详情-立即购买,,,,,2,JuWDOrderDetail,Buy,d1,1,,订单详情-购买,,,,,,,,,,,,,,,,{(.*)?},,,,,,,,,,,,,,,,,,,,,,,,,,,,,,,,,,,
ORDERDETAIL_BTN_DELIVERY,订单详情-物流,,,,,2,JuWDOrderDetail,Delivery,1,,,订单详情-物流,,,,,,,,,,,,,,,,{(.*)?},,,,,,,,,,,,,,,,,,,,,,,,,,,,,,,,,,,
ORDERDETAIL_BTN_FRIENDPAY,订单详情-朋友代付,,,,,2,JuWDOrderDetail,FriendPay,d1,1,,订单详情-朋友代付,,,,,,,,,,,,,,,,{(.*)?},,,,,,,,,,,,,,,,,,,,,,,,,,,,,,,,,,,
ORDERDETAIL_BTN_CONFIRM,订单详情-确认收货,,,,,2,JuWDOrderDetail,Confirm,d1,1,,订单详情-确认收货,,,,,,,,,,,,,,,,{(.*)?},,,,,,,,,,,,,,,,,,,,,,,,,,,,,,,,,,,
ORDERDETAIL_BTN_DELAY,订单详情-延长收货,,,,,2,JuWDOrderDetail,Delay,d1,,,订单详情-延长收货,,,,,,,,,,,,,,,,{(.*)?},,,,,,,,,,,,,,,,,,,,,,,,,,,,,,,,,,,
ORDERDETAIL_BTN_AfterMarket,订单详情-申请售后,,,,,2,JuWDOrderDetail,AfterMarket,1,,,订单详情-申请售后,,,,,,,,,,,,,,,,{(.*)?},,,,,,,,,,,,,,,,,,,,,,,,,,,,,,,,,,,
ORDERDETAIL_RECOMMEND_LIST,订单详情-推荐列表-点击,4.4,,,是,2,JuWDOrderDetail,RecommendList,Click-[pos],,,订单详情-推荐列表-点击,,{\d+},,{(.*)?},{(.*)?},,,,,,,,,,,,,,,,,,,,,,,,,,,,,,,,,,,,,,,,,,,,,,
ORDERDETAIL_RECOMMEND_LIST_LOAD,订单详情-推荐列表-加载,4.4,,,是,2,JuWDOrderDetail,RecommendList,dLoad,1,,订单详情-推荐列表-加载,,,,,,,,,,,,,,,,,,,,,,,,,,,,,,,,,,,,,,,,,,,,,,,,,,,
ORDERSUBMIT_BTN_ChangeAddress,订单确认-修改地址,,,,,2,JuOrderConfirm,ChangeAddress,1,,,订单确认-修改地址,,,,,,,,,,,,,,,,,,,,,,,,,,,,,,,,,,,,,,,,,,,,,,,,,,,
ORDERSUBMIT_BTN_Pay,订单确认-付款,,,,,2,JuOrderConfirm,Pay,d1,1,,订单确认-付款,,,,,,,,,,,,,,,,{(.*)?},,,,,,,,,,,,,,,,,,,,,,,,,,,,,,,,,,,
ORDERSUBMIT_BTN_CreateOrder,订单确认-创建订单,,,,,2,JuOrderConfirm,CreateOrder,d1,1,,订单确认-创建订单,,,,{(.*)?},,,{success|error},,,,,,,,,,,,,,,,,,,,,,,,,,,,,,,,,,,,,,,,,,,,
ORDERSUBMIT_BTN_BuildOrder,订单确认-构造订单,,,,,2,JuOrderConfirm,BuildOrder,d1,1,,订单确认-构造订单,,,,{(.*)?},,,{success|error},,,,,,,,,,,,,,,,,,,,,,,,,,,,,,,,,,,,,,,,,,,,
MSG_CATEGORY_LIST,消息类目列表点击,,,,,,JuWDMsgCategory,List,[pos],,,消息分类列表点击,,{\d+},,,,,,,,,,,,,,,,,,,,,,,,,,,,,,,,,,,,,,,,,{(.*)?},,,,,,,{(hasRedDot)?},
MSG_CENTER_LIST,消息中心列表点击,,,,,,JuWDMsgCenter,List,[pos],,,消息中心列表点击,,{\d+},,,,,,,,,,,,,,,,,,,,,,,,,,,,,,,,,,,,,,,,{(.*)?},{(.*)?},,,,,,,,
Button-Go,购物车-去抢购,,,BLANK_PAGE_BTN_COMMON,,2,JuGWC,Btn,toHome,,,购物车-去首页,,,,,,,,,,,,,,,,,,,,,,,,,,,,,,,,,,,,,,,,,,,,,,,,,,,
Button-TopEdit,购物车-编辑全部/完成,,,,,2,JuGWC,Btn,dEditAllGoods,1,,购物车编辑全部,,,,,,,,,,,,,,,,,,,,,,,,,,,,,,,,,,,,,,,,,,,,,,,,,,,
Button-ItemEdit,购物车-编辑,,,,,2,JuGWC,Btn,dEditShopGoods,1,,购物车编辑,,,,,,,,,,,,,,,,,,,,,,,,,,,,,,,,,,,,,,,,,,,,,,,,,,,
Button-Shop,购物车-店铺点击,,,,,2,JuGWC,Btn,toShop,,,购物车店铺点击,,,,,,,,,,,{(.*)?},,,,,,,,,,,,,,,,,,,,,,,,,,,,,,,,,,,,,,,,
Button-Select-Shop,购物车-店铺全选,,,,,2,JuGWC,Btn,dCheckShop,1,,购物车店铺全选,,,,,,,,,,,{(.*)?},,,,,,,,,,,,,,,,,,,,,,,,,,,,,,,,,,,,,,,,
Button-ItemPic,购物车-商品点击,,,,,2,JuGWC,Btn,toDetail,,,购物车商品点击,,,,{(.*)?},,,,,,,,,,,,,,,,,,,,,,,,,,,,,,,,,,,,,,,,,,,,,,,
Button-Select-Item,购物车-商品选择,,,,,2,JuGWC,Btn,dCheckItem,1,,购物车商品选择,,,,{(.*)?},,,,,,,,,,,,,,,,,,,,,,,,,,,,,,,,,,,,,,,,,,,,,,,
Button-SelectAll,购物车-全选,,,,,2,JuGWC,Btn,dCheckAll,1,,购物车全选 ,,,,,,,,,,,,,,,,,,,,,,,,,,,,,,,,,,,,,,,,,,,,,,,,,,,
Button-Pay,购物车-结算,,,,,2,JuGWC,Btn,dPay,1,,购物车结算,,,,,,,,,,,,,,,,,,,,,,,,,,,,,,,,,,,,,,,,,,,,,,,,,,,
Button-InvalidEmpty,购物车-清空失效宝贝,,,,,2,JuGWC,Btn,dClearInvalidGoods,1,,购物车清空失效宝贝,,,,,,,,,,,,,,,,,,,,,,,,,,,,,,,,,,,,,,,,,,,,,,,,,,,
Button-TopDelete,购物车-删除所有选中宝贝,,,,,2,JuGWC,Btn,dDeleteAllChecked,1,,购物车删除所有选中宝贝,,,,,,,,,,,,,,,,,,,,,,,,,,,,,,,,,,,,,,,,,,,,,,,,,,,
CART_RECOMMEND_LIST,购物车-推荐列表-点击,4.4,,,是,2,JuGWC,RecommendList,Click-[pos],,,购物车-推荐列表-点击,,{\d+},,{(.*)?},,,,,,,,,,,,,,,,,,,,,,,,,,,,,,,,,,,,,,,,,,,,,,,
CART_RECOMMEND_LIST_LOAD,购物车-推荐列表加载,4.4,,,是,2,JuGWC,RecommendList,dLoad,1,,购物车-推荐列表-加载,,,,,,,,,,,,,,,,,,,,,,,,,,,,,,,,,,,,,,,,,,,,,,,,,,,
SETTING_BTN_About,设置-关于,,,,,,JuWDSetting,About,1,,,设置-关于,,,,,,,,,,,,,,,,,,,,,,,,,,,,,,,,,,,,,,,,,,,,,,,,,,,
SETTING_BTN_Help,设置-帮助中心,,,,,,JuWDSetting,Help,1,,,设置-帮助中心,,,,,,,,,,,,,,,,,,,,,,,,,,,,,,,,,,,,,,,,,,,,,,,,,,,
SETTING_BTN_Guide,设置-新手引导,,,,,,JuWDSetting,Guide,1,,,设置-新手引导,,,,,,,,,,,,,,,,,,,,,,,,,,,,,,,,,,,,,,,,,,,,,,,,,,,
SETTING_BTN_JOIN_US,设置-加入我们,,,,,,JuWDSetting,JoinUs,1,,,设置-加入我们,,,,,,,,,,,,,,,,,,,,,,,,,,,,,,,,,,,,,,,,,,,,,,,,,,,
SETTING_BTN_SaveTrafficMode,设置-省流量模式,,,,,,JuWDSetting,SaveTraffic,d1,1,,设置-开启省流量模式,,,,,,,{on|off},,,,,,,,,,,,,,,,,,,,,,,,,,,,,,,,,,,,,,,,,,,,
SETTING_BTN_QingQuYongPin,设置-情趣用品,,,,,,JuWDSetting,QingQuYongPin,d1,1,,设置-情趣用品开关,,,,,,,{on|off},,,,,,,,,,,,,,,,,,,,,,,,,,,,,,,,,,,,,,,,,,,,
SETTING_BTN_FingerprintPayment,设置-指纹支付,,,,,,JuWDSetting,FingerPay,d1,1,,设置-指纹支付开关,,,,,,,{on|off},,,,,,,,,,,,,,,,,,,,,,,,,,,,,,,,,,,,,,,,,,,,
SETTING_BTN_GoodsPreview,设置-商品预览,,,,,,JuWDSetting,GoodsPreview,d1,1,,设置-商品预览,,,,,,,{on|off},,,,,,,,,,,,,,,,,,,,,,,,,,,,,,,,,,,,,,,,,,,,
SETTING_BTN_Cache,设置-缓存清理,,,,,,JuWDSetting,ClearCache,d1,1,,设置-缓存清理,,,,,,,,,,,,,,,,,,,,,,,,,,,,,,,,,,,,,,,,,,,,,,,,,,,
SETTING_BTN_Update,设置-检查更新,,,,,,JuWDSetting,Update,d1,1,,设置-检查更新,,,,,,,,,,,,,,,,,,,,,,,,,,,,,,,,,,,,,,,,,,,,,,,,,,,
SETTING_BTN_Share,设置-分享,,,,,,JuWDSetting,Share,d1,1,,设置-分享,,,,,,,,,,,,,,,,,,,,,,,,,,,,,,,,,,,,,,,,,,,,,,,,,,,
SETTING_BTN_Logout,设置-登出,,,,,,JuWDSetting,Logout,d1,1,,设置-登出,,,,,,,{(ok|cancel)?},,,,,,,,,,,,,,,,,,,,,,,,,,,,,,,,,,,,,,,,,,,,
SCAN_BTN_TOPBAR_RIGHT,扫码-右上角菜单,,,,,,JuScan,Topbar,dRight,1,,扫码-快捷菜单右,,,,,,,,,,,,,,,,,,,,,,,,,,,,,,,,,,,,,,,,,,,,,,,,,,,
SCAN_MENU_ScanPhotoLibrary,扫码-菜单-导入二维码,,,,,,JuScan,Menu,importQR,,,扫码-快捷菜单-导入二维码,,,,,,,,,,,,,,,,,,,,,,,,,,,,,,,,,,,,,,,,,,,,,,,,,,,
SCAN_MENU_ShowScanningHistory,扫码-菜单-历史纪录,,,,,,JuScan,Menu,history,,,扫码-快捷菜单-历史纪录,,,,,,,,,,,,,,,,,,,,,,,,,,,,,,,,,,,,,,,,,,,,,,,,,,,
SCAN_MENU_CANCEL,扫码-菜单取消,,,,,,JuScan,Menu,dCancel,1,,扫码-快捷菜单-取消,,,,,,,,,,,,,,,,,,,,,,,,,,,,,,,,,,,,,,,,,,,,,,,,,,,
BLANK_PAGE_LOAD,空白页面-展示,,,,,,{.*},Blank,d1,1,,空白页面-展示,,,,,,,,,,,,,,,,,,,,,,,,,,,,,,,,,,,,,,,,,,,,,,,,,,,
BLANK_PAGE_BTN_COMMON,空白页面-通用按钮,,,,,,{.*},Blank,d[type],1,,空白页面-通用按钮,,,,,,,,,,,,,,,{noData|noNet|loading|loadingTimeout},,,,,,,,,,,,,,,,,,,,,,,,,,,,,,,,,,,,
UPDATE,应用更新,,,,,,{.*},Update,d1,1,,应用更新,,,,,,,{.*},,,,,,,,,,,,,,,,,,,,,,,,,,,,,,,,,,,,,,,,,,,,
H5_BACK,H5页面返回,,,,,,JuH5,Back,1,,1,H5返回,{.*},,,,,,,,{.*},,,,,,,,,,,,,,,,,,,,,,,,,,,,,,,,,,,,,,,,,,
H5_REFRESH,H5页面刷新,,,,,,JuH5,Refresh,d1,1,,H5刷新,{.*},,,,,,,,{.*},,,,,,,,,,,,,,,,,,,,,,,,,,,,,,,,,,,,,,,,,,
H5_SHARE,H5页面分享,,,,,,JuH5,Share,d1,1,,H5分享,{.*},,,,,,,,{.*},,,,,,,,,,,,,,,,,,,,,,,,,,,,,,,,,,,,,,,,,,
SHOPLIST_LIST,店铺列表,,,,,,JuDetailShopList,List,Click-[pos],,,店铺列表,{.*},{\d+},,,,,,,,,,{(.*)?},,,,,,,,,,,,,,,,,,,,,,,,,,,,,,,,,,,,,,,
SHOPLIST_LIST_CALL,店铺列表-电话,,,,,,JuDetailShopList,Call,d[pos],1,,店铺列表-电话,{.*},{\d+},,,,,,,,,,{(.*)?},,,,,,,,,,,,,,,,,,,,,,,,,,,,,,,,,,,,,,,
SEARCH_BTN_SEARCH,搜索点击,,,,,,JuSearch,Search,d1,1,,搜索-确定,,,,,,,,,,,,,,,,,,,,,,,,,,,,,,,,,,,,,,,,,,,,,,,,,,,
SEARCH_BTN_SEARCH_CANCEL,搜索取消,,,iOS特有,,,JuSearch,SearchCancel,d1,1,,搜索-取消,,,,,,,,,,,,,,,,,,,,,,,,,,,,,,,,,,,,,,,,,,,,,,,,,,,
SEARCH_LIST,,,,,有,,JuSearch,List,Click-[pager_pos]-[pos],,,搜索列表,{.*},{\d+},Item,{(.*)?},{(.*)?},,,1,{(.*)?},,,,,,,,,,,,,,,,,,,,,,,,,,,{.*},,,,,,,,,,,,,,,
SEARCH_LIST_LOAD,,,,,有,,JuSearch,List-Load,d1,1,,搜索列表-加载,{.*},,,,,{.*},,,,,,,,,,,,,,,,,,,,,,,,,,,,,,,,,,,,,,,,,,,,,
SEARCHHISTORY_CLEAR,搜索历史,,,,,,JuSearch,HistoryClear,d1,1,,搜索历史-清空,,,,,,,,,,,,,,,,,,,,,,,,,,,,,,,,,,,,,,,,,,,,,,,,,,,
SEARCHHISTORY_PLUS,搜索历史新增,,,,,,JuSearch,HistoryAdd,d[pos],1,,搜索历史-新增,,{\d+},,,,,,,,,,,,,,,,,,,,,,,,,,,,,,,,,,,,,,,,,,,,,,,,,
SEARCHHISTORY_LIST,搜索历史点击,,,,,,JuSearch,History,dClick-[pos],1,,搜索历史,,{\d+},,,,,,,,,,,,,,,,,,,,,,,,,,,,,,,,,,,,,,,,,,,,,,,,,
GUIDE_OK,新手引导-确定,,,,,,JuSettingGuide,OK,[pos],,,新手引导-确定,,{\d+},,,,,,,,,,,,,,,,,,,,,,,,,,,,,,,,,,,,,,,,,,,,,,,,,
GUIDE_SCROLL,新手引导-滑动,,,,,,JuSettingGuide,Scroll,[pos],,,新手引导-滑动,,,,,,,,,,,,,,,,,,,,,,,,,,,,,,,,,,,,,,,,,,,,,,,,,,,
ABOUT_COPYRIGHT,关于-版权,,,,,,JuSettingAbout,Copyright,1,,,关于-版权,,,,,,,,,,,,,,,,,,,,,,,,,,,,,,,,,,,,,,,,,,,,,,,,,,,
ADDRESS_MODIFY_SAVE,修改地址-保存,,,,,,JuWDAddressModify,Save,d1,1,,修改地址-保存,,,,,,,,,,,,,,,,,,,,,,,,,,,,,,,,,,,,,,,,,,,,,,,,,,,
ADDRESS_MODIFY_SETDEFAULT,修改地址-设置默认,,,,,,JuWDAddressModify,SetDefault,d1,1,,修改地址-设置默认,,,,,,,,,,,,,,,,,,,,,,,,,,,,,,,,,,,,,,,,,,,,,,,,,,,
ADDRESS_MODIFY_DELETE,修改地址-删除,,,,,,JuWDAddressModify,Delete,d1,1,,修改地址-删除,,,,,,,,,,,,,,,,,,,,,,,,,,,,,,,,,,,,,,,,,,,,,,,,,,,
ADDRESS_AGENCY,地址列表-代收货,4.4,,,,,JuWDAddressList,Agency,1,,,地址列表-代收货,,,,,,,,,,,,,,,,,,,,,,,,,,,,,,,,,,,,,,,,,,,,,,,,,,,
ADDRESSLIST_MANAGE,地址列表-管理,,,,,,JuWDAddressList,Manage,1,,,地址列表-管理,,,,,,,,,,,,,,,,,,,,,,,,,,,,,,,,,,,,,,,,,,,,,,,,,,,
ADDRESSLIST_ADDNEW,地址列表-新增,,,,,,JuWDAddressList,Add,1,,,地址列表-新增,,,,,,,,,,,,,,,,,,,,,,,,,,,,,,,,,,,,,,,,,,,,,,,,,,,
ADDRESSLIST_LIST,地址列表-点击,,,,,,JuWDAddressList,List,Click-[pos],,,地址列表,,{\d+},,,,,,,,,,,,,,,,,,,,,,,,,,,,,,,,,,,,,,,,,,,,,,,,,
BROWSEHISTORY_LIST,浏览历史点击,,,,,,JuWDBrowseHistory,List,Click-[pos],,,浏览历史-点击,,{\d+},,{(.*)?},{(.*)?},,,,,,,,,,,,,,,,,,,,,,,,,,,,,,,,,,,,,,,,,,,,,,
JSC_TAB,聚收藏-Tab,,,,,,JuCollection,Tab,d[pager_pos],1,,聚收藏-Tab,{.*},,,,,,{click|scroll},{\d+},,,,,,,,,,,,,,,,,,,,,,,,,,,,,,,,,,,,,,,,,,,
JSC_LIST,聚收藏列表-点击,,,,有,,JuCollection,List,Click-[pager_pos]-[pos],,,聚收藏列表-点击,{.*},{\d+},,{(.*)?},{(.*)?},,,{\d+},,,,,,,,,,,,,,,,,,,,,,,,,,,,,,,,,,,,,,,,,,,
JSC_LIST_LOAD,聚收藏列表-加载,,,,有,,JuCollection,List-Load,d[pager_pos],1,,聚收藏列表-加载,{.*},,,,,{.*},,{\d+},,,,,,,,,,,,,,,,,,,,,,,,,,,,,,,,,,,,,,,,,,,
JSC_EDIT,聚收藏-编辑,,,iOS特有,,,JuCollection,Topbar,dRight,1,,聚收藏编辑,{.*},,,,,,,{\d+},,,,,,,,,,,,,,,,,,,,,,,,,,,,,,,,,,,,,,,,,,,
SELLERGOODS_LIST,同店推荐-点击,,,,有,2,JuDetailShopRecommend,List,Click-[pager_pos]-[pos],,,同店推荐-点击,,{\d+},,{(.*)?},{(.*)?},,,{\d+},,,,,,,,,,,,,,,,,,,,,,,,,,,,,,,,,,,,,,,,,,,
SELLERGOODS_LIST_LOAD,同店推荐-加载,,,,有,2,JuDetailShopRecommend,List-Load,d[pager_pos],1,,同店推荐-加载,{.*},,,,,{.*},,{\d+},,,,,,,,,,,,,,,,,,,,,,,,,,,,,,,,,,,,,,,,,,,
TAO_PASSWORD_CANCEL,淘口令-取消,,,,,,{.*},TaoPassword,dCancel,1,,淘口令-取消,,,,,,,,,,,,,,,,,,,,,,,,,,,,,,,,,,,,,,,,,,,,,,,,,,,
TAO_PASSWORD_OK,淘口令-确定,,,,,,{.*},TaoPassword,Ok,,,淘口令-确定,,,,,,,,,,,,,,,,,,,,,,,,,,,,,,,,,,,,,,,,,,,,,,,,,,,
LUAVIEW_BTN,LuaView按钮,4.4,,,有,,{.*},LuaView,d[title],1,{.*},LuaView点击-不跳转,{(.*)?},{(.*)?},{(.*)?},{(.*)?},{(.*)?},{(.*)?},{(.*)?},{(.*)?},{(.*)?},{(.*)?},{(.*)?},{(.*)?},{(.*)?},{(.*)?},{(.*)?},{(.*)?},{(.*)?},{(.*)?},{(.*)?},{(.*)?},{(.*)?},{(.*)?},{(.*)?},{(.*)?},{(.*)?},{(.*)?},{(.*)?},{(.*)?},{(.*)?},{(.*)?},{(.*)?},{(.*)?},{(.*)?},{(.*)?},{(.*)?},{(.*)?},{(.*)?},{(.*)?},{(.*)?},{(.*)?},{(.*)?},{(.*)?},{(.*)?},{(.*)?},{(.*)?},{(.*)?},{(.*)?},{(.*)?},{(.*)?},{(.*)?},{(.*)?}
LUAVIEW_BTN_JUMP,LuaView按钮－跳转,4.4,,,有,,{.*},LuaView-Jump,[title],,{.*},LuaView点击-发生跳转,{(.*)?},{(.*)?},{(.*)?},{(.*)?},{(.*)?},{(.*)?},{(.*)?},{(.*)?},{(.*)?},{(.*)?},{(.*)?},{(.*)?},{(.*)?},{(.*)?},{(.*)?},{(.*)?},{(.*)?},{(.*)?},{(.*)?},{(.*)?},{(.*)?},{(.*)?},{(.*)?},{(.*)?},{(.*)?},{(.*)?},{(.*)?},{(.*)?},{(.*)?},{(.*)?},{(.*)?},{(.*)?},{(.*)?},{(.*)?},{(.*)?},{(.*)?},{(.*)?},{(.*)?},{(.*)?},{(.*)?},{(.*)?},{(.*)?},{(.*)?},{(.*)?},{(.*)?},{(.*)?},{(.*)?},{(.*)?},{(.*)?},{(.*)?},{(.*)?}